State,CWS_reg,Avg_Propensity_Score,medcaid_spending_per_enrollee_2010,dental_visit_past_year_rate_2011to2012,living_in_urban_area_percent_2010,education_rate_hs_2010,sweetBevIntake_onceOrMore_rate_2010and2015,unemployment_rate_2010,water_violations_per_100k,public_health_funding_dollars_per_capita_2010,smoking_rates_2009,alcohol_consumption_gallons_2010,dentistPer100k_per_MHIncome_ratio,2014_noToothLoss18to64,2016_noToothLoss18to64,2018_noToothLoss18to64,2020_noToothLoss18to64
Alabama,0,0.3064726608014149,5795,62.41,59.0,82.1,65.0,9.3,7.48,68,22.5,1.98,0.0010189257300983,55.3,55.4,59.6,59.7
Alaska,0,0.0022075165524121,10666,61.1,66.0,91.0,44.5,8.0,634.04,63,20.6,3.03,0.0011586347869177,62.0,64.7,66.6,67.3
Arizona,0,0.3913649749295036,6411,64.97,89.8,85.6,64.5,10.4,43.66,10,16.1,2.39,0.0010895723353779,62.6,64.5,66.7,67.1
Arkansas,1,0.4848328531605067,6279,62.71,56.2,82.9,74.2,7.9,37.69,36,21.5,1.77,0.0010097371237632,53.3,55.7,56.4,58.3
California,1,0.4001031546220762,4700,64.08,95.0,80.7,62.7,12.4,5.15,66,12.9,2.16,0.0013159353989048,64.3,65.8,66.6,68.9
Colorado,0,0.217328168829243,7183,68.91,86.2,89.7,59.4,9.0,50.73,35,17.1,2.71,0.0012306183621359,69.4,69.0,71.2,71.5
Connecticut,1,0.382425907191798,9156,77.41,88.0,88.6,72.2,9.3,80.42,24,15.4,2.35,0.0011299037981009,65.1,69.6,71.2,69.8
Delaware,1,0.4808312037544166,6291,70.0,83.3,87.7,68.0,8.0,13.23,43,18.3,3.38,0.0007826740917148,62.6,64.5,64.6,67.1
Florida,0,0.3905981409079644,5535,57.76,91.2,85.5,67.2,11.3,14.82,22,17.1,2.53,0.0011054065617329,58.2,61.6,63.0,61.7
Georgia,1,0.5425422720441183,4924,65.28,75.1,84.3,68.1,10.2,12.25,13,17.7,1.98,0.0009732931294421,61.8,60.3,63.5,64.3
Hawaii,0,0.21130395594129,5837,69.15,91.9,89.9,76.4,6.8,0.14,171,15.4,2.48,0.0012468665714739,63.5,64.8,65.4,67.8
Idaho,0,0.0631558558076867,7660,69.99,70.6,88.3,58.8,8.7,136.1,77,16.3,2.17,0.0013412278684755,65.6,65.4,67.4,69.8
Illinois,1,0.38614761610424,6157,66.97,88.5,86.9,62.7,10.4,36.19,24,18.6,2.35,0.0011894963376878,64.5,66.1,67.2,71.7
Indiana,0,0.3726023664266665,6024,62.28,72.4,87.0,65.7,10.1,67.97,13,23.1,2.03,0.0010297446932508,59.4,60.3,63.9,63.6
Iowa,0,0.1723670386831504,6597,67.29,64.0,90.6,50.5,6.3,26.71,20,17.2,2.3,0.0010656575133963,68.4,70.2,70.1,69.4
Kansas,0,0.2002327038095918,7079,66.42,74.2,89.2,54.9,7.1,38.8,15,17.8,1.95,0.0010033777483059,67.2,66.6,66.6,68.6
Kentucky,1,0.4122381725159585,6931,56.57,58.4,81.9,67.2,10.2,3.15,46,25.6,1.83,0.0013846038640107,56.7,59.2,59.5,59.4
Louisiana,1,0.5000113554100555,6155,61.7,73.2,81.9,68.7,7.4,66.62,47,22.1,2.55,0.001104340665804,58.0,57.7,57.5,60.1
Maine,0,0.1306177331678771,6098,71.61,38.7,90.3,65.5,8.2,213.38,30,17.3,2.56,0.001067554294445,61.4,59.2,64.1,65.9
Maryland,0,0.262809833939251,8198,68.53,87.2,88.1,65.4,7.8,6.48,31,15.2,2.21,0.0010214366630842,64.3,64.8,66.2,69.3
Massachusetts,0,0.1720227077391949,11941,75.28,92.0,89.1,66.8,8.3,7.75,57,15.0,2.5,0.0012306676118056,64.4,66.1,67.5,69.6
Michigan,0,0.3056183423012004,5549,69.84,74.6,88.7,59.0,12.7,50.72,20,19.6,2.23,0.0013046924889348,64.9,65.3,65.6,65.9
Minnesota,1,0.1451680341419757,9747,70.77,73.3,91.8,50.4,7.4,9.55,13,16.8,2.44,0.0010835031284372,71.5,72.0,73.5,72.7
Mississippi,0,0.3432469946502882,6430,53.4,49.3,81.0,64.5,10.5,38.13,10,23.3,2.22,0.0010702558953624,49.6,49.9,54.0,55.4
Missouri,0,0.2433644771519641,8442,60.36,70.4,86.9,59.1,9.3,29.57,8,23.1,2.41,0.0010347396221304,61.9,58.8,63.0,63.0
Montana,0,0.0743679546760876,9545,66.72,55.9,91.7,64.9,6.8,192.95,26,16.8,2.98,0.0012293160830637,65.1,63.8,67.6,67.5
Nebraska,1,0.2646381466363249,8086,72.39,73.1,90.4,58.0,4.7,6.17,40,16.7,2.28,0.0012880102462402,68.2,69.7,69.6,71.9
Nevada,1,0.5587858138298065,5229,58.76,94.2,84.7,63.8,13.8,11.53,3,22.0,3.3,0.0009490009999803,61.3,61.3,63.6,63.3
New Hampshire,0,0.3297142815580357,9549,71.77,60.3,91.5,69.7,6.1,48.86,17,15.8,4.5,0.0010109432849513,67.9,65.9,67.9,70.1
New Jersey,0,0.2495495931410792,10304,71.55,94.7,88.0,69.5,9.6,41.07,31,15.8,2.35,0.0011459641553759,62.6,62.8,69.3,66.7
New Mexico,0,0.2730181684583942,5884,65.11,77.4,83.3,68.5,7.9,174.73,56,17.9,2.28,0.0010434782608695,61.0,62.0,64.9,65.5
New York,0,0.2507458884524505,10108,70.88,87.9,84.9,65.6,8.6,27.76,61,18.0,2.09,0.0013904484006796,60.2,60.5,64.5,65.2
North Carolina,0,0.3037333041152514,6525,63.19,66.1,84.7,62.7,10.8,27.56,14,20.3,2.0,0.0010407145824678,58.5,60.6,63.4,64.1
North Dakota,0,0.1481306105790419,10456,60.82,59.9,90.3,59.2,3.8,25.54,20,18.6,2.93,0.0010102732689541,65.9,64.5,70.5,70.0
Ohio,1,0.2424260946154294,7190,66.0,77.9,88.1,57.2,10.0,30.49,15,20.3,2.02,0.0011315147482812,62.8,63.1,63.5,65.7
Oklahoma,0,0.2301644760646309,5841,58.95,66.2,86.2,66.0,6.9,135.86,72,25.5,1.92,0.0011672846548773,59.9,61.4,60.8,59.5
Oregon,0,0.1936044392614088,7128,65.83,81.0,88.8,51.5,10.7,54.68,16,17.9,2.51,0.0014407216494845,67.3,66.8,66.7,69.1
Pennsylvania,0,0.2372924679868517,8445,68.34,78.7,88.4,65.9,8.4,165.56,15,20.2,2.3,0.0011974517123843,61.2,63.3,63.9,67.5
Rhode Island,0,0.2325391807276216,10660,75.43,90.7,83.5,65.7,11.7,22.14,48,15.1,2.54,0.0010171470126688,65.8,64.6,67.6,68.6
South Carolina,0,0.484880770393106,6264,64.36,66.3,84.1,70.2,11.2,3.83,21,20.4,2.31,0.0010773954019705,58.2,60.2,62.2,63.6
South Dakota,1,0.3949325768348509,7004,66.64,56.7,89.6,72.5,5.1,34.17,31,17.5,2.69,0.0010676629487626,64.5,65.9,69.0,67.4
Tennessee,0,0.3905452630737082,5721,60.67,66.4,83.6,66.4,9.8,9.71,42,22.0,1.88,0.0011738742432647,57.1,59.4,62.2,63.8
Texas,0,0.3650271962571714,6638,60.44,84.7,80.7,62.5,8.2,81.07,19,17.9,2.23,0.0009344852411807,65.1,62.3,67.3,66.5
Utah,0,0.1475351352671585,6340,65.9,90.6,90.6,53.6,8.1,24.91,30,9.8,1.35,0.0011736446003214,70.0,69.6,71.2,69.5
Vermont,0,0.1130839549830781,7532,79.85,38.9,91.0,67.3,6.4,213.97,75,17.1,2.8,0.0011395377079706,67.6,66.8,69.6,71.0
Virginia,0,0.3080465993295506,7134,70.89,75.5,86.5,59.6,7.1,14.92,38,19.0,2.12,0.0009468635659425,66.4,65.4,67.9,69.6
Washington,0,0.1357536072872966,5855,66.75,84.0,89.8,55.0,9.9,50.71,43,14.9,2.25,0.0012173068972335,68.0,69.6,70.0,71.9
West Virginia,0,0.0277463693886421,6890,57.78,48.7,83.2,59.4,8.4,473.32,71,25.6,1.78,0.00119707990999,49.8,51.2,52.6,55.0
Wisconsin,0,0.2375011000987393,5926,67.46,70.2,90.1,50.4,8.5,49.26,9,18.8,2.94,0.0010587539029815,69.2,69.8,70.6,73.0
Wyoming,0,0.2155995397143028,7453,71.5,64.8,92.3,73.2,7.0,109.56,58,19.9,2.66,0.0009119449843025,63.5,63.7,66.3,67.5
